first,last,gender,email,address,city,state,zip,age
Mathilda,Barton,Male,hitesre@nabju.bd,822 Nagaj Lane,Ijijne,TX,46333,19
Teresa,Foster,Female,ekzarmes@pefalez.om,1761 Kano Way,Lidkegimi,VA,75671,36
Keith,Norman,Female,enoufi@mufpa.hk,1734 Nadco Center,Nadferi,KS,19335,50
Vera,French,Female,si@genemhu.pr,1994 Juuvu Terrace,Gefopobob,ME,62221,61
Nannie,Baker,Female,kipaweg@uto.et,809 Kegadu Plaza,Kemuhla,AR,79723,56
Leila,Mendoza,Male,zu@nub.tm,554 Uwauj Lane,Ubcucur,AZ,68129,53
Cecelia,McCoy,Male,hekoso@vunnelu.za,1788 Odave Mill,Hakirte,HI,46919,57
Keith,Welch,Female,nid@defalma.bi,112 Ecof Boulevard,Viurdu,OR,95709,48
Jennie,Griffith,Male,ku@baci.kr,720 Insur Drive,Mikajmac,RI,40525,43
Willie,Brewer,Male,wilo@edasupbu.io,719 Ibnuc Terrace,Wepigora,SC,72071,60
Mittie,Rhodes,Female,wub@gobfiher.im,149 Pipsad Turnpike,Jolnahgat,KY,42520,49
Ora,Carlson,Female,gijuc@kagjuz.cw,1594 Ujbo Park,Botenwud,NC,21214,62
Ernest,Park,Male,mopaepu@topus.az,1569 Jipces Boulevard,Zimaguafi,ME,05657,36
Mildred,Diaz,Male,wefjikoc@juke.om,1686 Zovda Trail,Kojanijal,SC,60773,23
Gussie,Harris,Female,pam@unzotsu.lb,1217 Omasa Circle,Wowlidvol,FL,46820,27
Johanna,Baker,Male,ceifa@hov.tp,1260 Bufgo Extension,Okpavzin,KS,14582,41
Nicholas,Medina,Female,be@musfes.pm,1581 Bulfun Extension,Anpubac,WI,53920,50
Ruby,Cole,Female,eh@uwicino.cx,185 Sezcuh Junction,Tirere,MI,52700,35
Jean,Myers,Female,etari@ek.sj,852 Hekwe Point,Emoduuc,MT,44268,48
Lettie,Martinez,Female,luujeib@mu.ni,547 Cibop Manor,Apihifwiv,AL,22777,65
Brett,Young,Female,wafol@je.hu,1413 Ocagu Place,Kuavbu,VT,98369,32
Mayme,Spencer,Male,luztu@af.wf,1325 Seuka Court,Zedzohu,AR,80927,50
Sean,Boyd,Male,kedde@evaag.so,803 Susrec Street,Hujkuvno,KY,13836,40
Marie,Elliott,Male,naracar@tobvud.sx,420 Newi Manor,Izasocoh,IA,00297,38
Ophelia,Lucas,Female,rigo@ovuron.ug,1353 Wuhtah Boulevard,Somzowuv,LA,83896,59
Lillie,George,Male,wibutafac@kivgep.cy,763 Emehu Glen,Papsaiko,DC,16124,44
Sally,Reed,Female,maaszil@mesi.re,1726 Ezga Drive,Revegeal,KY,00388,43
Abbie,Parsons,Female,lejre@zu.fi,920 Fewtib Road,Neabaud,AZ,98945,60
Alex,Vaughn,Female,rok@zubdir.uk,1568 Gabbec Parkway,Racizhi,RI,71306,29
Alexander,Schwartz,Male,be@ihje.er,1183 Ahhu Heights,Ritkadon,OK,72860,20
Bessie,Howell,Male,one@wedsu.ao,1202 Lirag Extension,Lajawhe,LA,36047,47
Hettie,French,Female,roolrah@meda.ht,1589 Vufba View,Goptummek,TN,35492,21
Wayne,Gilbert,Female,lokcurub@ignag.mx,737 Onlem Road,Tudsafir,RI,43558,38
Brian,Curry,Male,zahi@na.uy,1934 Emlu Loop,Imvidfac,AK,09087,44
Alexander,Norman,Male,ibibejar@le.co,276 Vepso Drive,Inpapuji,MO,36742,40
Angel,Quinn,Female,zuga@rusab.jo,321 Josom Plaza,Tiksahaku,CT,85992,59
Helena,Anderson,Male,ke@okcesne.wf,1698 Sevev Place,Mafsakine,VA,65522,37
Helena,Quinn,Female,avuwi@bev.mg,861 Votur Parkway,Usjebe,MA,97007,50
Vincent,Cooper,Male,fehni@belefe.to,1873 Vuefo Trail,Osujogu,UT,11191,28
Rosalie,Ramirez,Male,fuktoito@nus.ax,1531 Injoz Extension,Befihdur,NV,00991,35
Eliza,Moran,Male,alu@uvu.bh,1265 Asat Path,Zuisma,DC,05699,40
Juan,Reyes,Female,bajgewpiv@mo.su,538 Fusti Point,Huuncu,OH,26353,61
Ricardo,Campbell,Female,takiw@vul.rs,802 Dojog Pike,Kuhipib,WY,77602,60
Roger,Mack,Female,ek@fodeji.nu,1201 Veme Lane,Kuogiac,NJ,19980,57
Bettie,Holt,Female,ipgik@ahlowun.ca,1936 Zoznoz Lane,Elpavpo,NM,71441,26
Ricky,Campbell,Female,fetuaz@zaki.ck,1448 Vicha Junction,Ewizuwlor,DE,72574,41
Myrtle,Morrison,Female,ila@lemkok.be,1443 Zakci Point,Osnadew,NJ,70172,45
Christine,Gross,Male,uzavehu@ramoza.im,805 Dusoka Street,Afevuir,CO,98280,27
Rebecca,Norman,Female,rub@pedefbur.sn,1581 Wivsip Center,Ulupakkef,ME,23147,43
Antonio,Jones,Female,kiw@caj.bv,615 Evvid Mill,Cozeato,CO,96863,31
Bertha,Kelley,Female,ba@guzfulrid.bt,1693 Giwfi Plaza,Fozepaj,ND,86062,30
Isabelle,Gardner,Male,fogab@parho.pf,851 Uhad Turnpike,Neogutul,VT,89245,35
Steven,Roy,Female,ovoh@ka.hm,1118 Cese Drive,Sebzoji,NY,02230,24
Earl,Rogers,Male,sozmetat@jij.as,1695 Maros Loop,Ejaboepu,LA,88172,61
Mario,Hammond,Male,izatul@elooru.om,1610 Ketek Way,Jutbusaj,GA,37672,24
Caleb,Foster,Female,lo@jucbinje.tj,7 Lolu Avenue,Hanabro,NC,47951,37
Jessie,Jennings,Male,pem@lecuf.mx,1520 Bata Terrace,Mutdihkom,FL,50107,19
Georgie,Moreno,Male,joeweic@gakuruk.ye,1038 Vawic Park,Alelunu,HI,97527,56
Isabella,Richards,Female,me@tockion.ba,1514 Osbop Center,Gusisca,PA,63518,59
Rosa,Garrett,Female,jem@kefvo.cc,1386 Doef Turnpike,Amilavuho,NH,59037,61
Harold,Carr,Female,loarsa@rilef.bm,365 Rawib Avenue,Budbecol,SC,86167,64
Antonio,Bridges,Male,lopovube@iluege.mk,481 Jivifi Trail,Dephofon,WY,56776,20
Janie,Woods,Female,wat@camekola.tl,175 Usiso Park,Ijwuwojo,CA,62339,41
Martha,Harrington,Male,lu@fum.mu,1182 Keiw Plaza,Radkecce,ND,88033,28
Donald,Swanson,Female,peh@tahcokov.je,285 Huage Extension,Gavazev,DE,00062,44
Jeremy,Torres,Female,larviaj@tolaf.jo,1868 Fivu Path,Ubefabni,MT,03271,31
Antonio,Flowers,Female,moit@wev.ga,922 Ewgez Center,Vizmuzmu,LA,08348,40
Fannie,Howard,Female,pige@seh.dk,1856 Embo Lane,Igaloniz,AK,35357,26
Carrie,Pratt,Female,ponizo@pav.gb,793 Sahe Heights,Ciggimoca,WA,36630,62
Willie,Brewer,Male,ne@ne.sn,1107 Cakeg Avenue,Muwalruz,NM,43972,39
Hannah,Fitzgerald,Female,farzi@kirnijna.sa,1147 Ebgoh Center,Bictusuh,VT,49439,48
Tom,Ramos,Female,domut@ined.dk,948 Cewwu Pike,Muznaeka,WI,41257,46
Leroy,Schneider,Male,koc@nolafo.li,826 Fidi Turnpike,Gizcelon,AL,79011,51
Ruth,Vasquez,Female,se@igo.ng,990 Zukwof Terrace,Omevofa,SC,62703,58
Mable,Young,Male,advo@icovjan.af,1481 Lojhuc Path,Gojwiju,GA,54967,21
Lawrence,Snyder,Male,wafuifu@budli.yt,1164 Edopip Grove,Gahpacdet,OK,34887,37
Gene,Ferguson,Female,bat@egde.mr,761 Venko Boulevard,Sezira,VA,88311,31
Sadie,Greene,Female,ufvelsu@kudgoh.nu,1647 Monu Boulevard,Vikwapwez,NY,22853,59
Jim,Lawrence,Female,ti@bom.bm,201 Ocamiw Path,Moomwer,DE,37305,52
Lina,George,Male,dutenfid@jod.bb,899 Gaswun Drive,Askole,IL,24593,21
Beatrice,Larson,Female,fecho@fipojir.rs,1107 Nulho Turnpike,Turkonur,WI,41629,56
Benjamin,Baldwin,Male,jali@tuba.gh,1500 Pudab Point,Mapmiva,AZ,08732,64
Henrietta,Underwood,Female,mersor@ce.gn,1317 Gurazi Turnpike,Pewozu,FL,33317,23
Frederick,Gray,Male,ajizhot@nuh.by,1224 Roeho Trail,Foozve,CT,79830,22
Emma,Hamilton,Male,ervefu@cem.io,1961 Visu Grove,Liforu,AL,49496,39
Tom,Ferguson,Female,jiaru@vur.es,1090 Okuboh Terrace,Vajuic,IN,31965,23
Isaac,Norris,Male,ze@gunoor.ug,1392 Pawip River,Zotkufog,AZ,35582,26
Clyde,Johnson,Female,orube@retugru.vu,1940 Azlit Mill,Jevguid,NE,77097,63
Kevin,Singleton,Male,kelu@zej.net,440 Duhweg Extension,Rihgojgo,MS,11562,20
Tom,Goodman,Male,pukarlu@jerde.gm,698 Danpo Extension,Gedziwco,KY,04780,55
Leah,Powers,Female,up@fovinep.ci,666 Kiwbab Ridge,Buhami,AK,44532,50
Danny,Klein,Male,lurma@hiew.sz,1007 Zuckep Turnpike,Luhimto,IA,59837,35
Gary,Hart,Female,jelawmar@mi.bw,375 Cefo Mill,Fefukjup,KS,89625,19
Steven,Hicks,Female,tas@keuso.my,169 Hocci Avenue,Zatiseh,SD,20818,27
Juan,Sanchez,Female,ijejigos@ehjodda.ng,1088 Cumo Circle,Bocavbeh,AZ,85758,26
Jeff,Wood,Male,aba@zudoko.er,1177 Abego Loop,Fosuzbud,SD,23941,31
Cole,Delgado,Female,jobnolu@agege.gm,373 Dega Heights,Zagerebez,AL,58416,45
Mittie,Hart,Male,sovi@toahe.my,1038 Cotim Point,Pehipiop,MS,11927,40
Randy,Chambers,Female,cotnak@eh.dm,368 Cuhhu Trail,Asnefci,AZ,10144,22
Jessie,Silva,Male,mot@sadut.co.uk,1011 Pitve Road,Meletif,KS,41959,52
Johnny Pickle,Silva,Male,jpickle@sadut.co.uk,1011 Pitve Road,Meletif,KS,41959,20
